id,estimated_value,asking_price,deadline,bids_avg,bids_count,value_diff,roi
18448049,40863800,50,28/12/25 at 09:05,50.000 baht,0,40863750,81727500.0
18382142,86705300,200000,26/12/25 at 13:24,23.133.150 baht,0,86505300,43252.65
18224804,3554750,77800,26/12/25 at 06:54,-,0,3476950,4469.09
18421101,3878150,87400,26/12/25 at 07:45,-,0,3790750,4337.24
18217147,3147550,71700,26/12/25 at 07:14,-,0,3075850,4289.89
18135802,3149600,80500,26/12/25 at 06:52,811.700 baht,0,3069100,3812.55
17988467,2457450,72800,26/12/25 at 07:29,-,0,2384650,3275.62
18005370,1840050,57650,26/12/25 at 06:41,-,0,1782400,3091.76
18216543,6194000,200000,27/12/25 at 08:37,1.629.000 baht,0,5994000,2997.0
18004899,2461000,91750,26/12/25 at 06:32,-,0,2369250,2582.29
18083486,1883300,105050,26/12/25 at 07:22,-,0,1778250,1692.77
18077115,3203900,186100,26/12/25 at 06:33,-,0,3017800,1621.6
18079196,1541100,128350,26/12/25 at 06:42,-,0,1412750,1100.7
18050597,1888300,176150,26/12/25 at 06:57,-,0,1712150,971.98
18004745,4119700,417700,26/12/25 at 07:18,-,0,3702000,886.28
18179312,3164600,513550,26/12/25 at 07:18,-,0,2651050,516.22
18549585,5691600,1000000,27/12/25 at 13:11,2.198.550 baht,0,4691600,469.16
18449976,9925950,2500000,27/12/25 at 22:02,2.500.000 baht,0,7425950,297.04
18129109,1882450,533200,27/12/25 at 07:31,-,0,1349250,253.05
18039236,4153800,1322550,28/12/25 at 07:13,-,0,2831250,214.08
18380797,3803550,1443150,26/12/25 at 06:39,1.443.150 baht,0,2360400,163.56
18054801,1827600,702350,26/12/25 at 07:13,-,0,1125250,160.21
18120469,5465100,2312300,26/12/25 at 07:39,-,0,3152800,136.35
18558803,33280100,15000000,28/12/25 at 14:20,-,0,18280100,121.87
18052340,27605400,12450000,27/12/25 at 12:28,12.450.000 baht,0,15155400,121.73
18456777,10477350,4896350,28/12/25 at 09:37,-,0,5581000,113.98
18079341,30159100,15043450,27/12/25 at 07:12,-,0,15115650,100.48
18068631,5719550,2854350,27/12/25 at 07:07,2.940.300 baht,0,2865200,100.38
18069471,2429000,1214500,26/12/25 at 06:43,-,0,1214500,100.0
18242889,5935500,2967750,27/12/25 at 06:31,2.967.750 baht,0,2967750,100.0
18427521,14658950,7329500,26/12/25 at 07:05,7.329.500 baht,0,7329450,100.0
18068088,3020050,1510050,26/12/25 at 07:30,-,0,1510000,100.0
18014460,1827600,913800,26/12/25 at 07:07,-,0,913800,100.0
18018588,3236550,1618300,28/12/25 at 06:34,1.631.750 baht,0,1618250,100.0
18056386,3041800,1520900,28/12/25 at 07:35,-,0,1520900,100.0
18331276,4381000,2190500,28/12/25 at 07:11,2.201.900 baht,0,2190500,100.0
18465255,9887800,4943900,28/12/25 at 06:36,5.277.400 baht,0,4943900,100.0
18119693,3035250,1517650,26/12/25 at 07:03,-,0,1517600,100.0
18095424,3753200,1876600,26/12/25 at 07:33,2.076.600 baht,0,1876600,100.0
18152542,1892800,949450,28/12/25 at 06:37,-,0,943350,99.36
18045822,1886100,946100,26/12/25 at 07:36,-,0,940000,99.36
18162878,8142650,4092500,28/12/25 at 06:57,4.258.150 baht,0,4050150,98.97
18209749,14048400,7063350,26/12/25 at 06:47,7.398.150 baht,0,6985050,98.89
18156069,3352800,1688000,26/12/25 at 06:38,-,0,1664800,98.63
18097894,4063400,2046600,27/12/25 at 07:21,2.046.600 baht,0,2016800,98.54
18077868,1889200,987550,27/12/25 at 06:45,-,0,901650,91.3
18587102,23339250,12256500,26/12/25 at 06:48,12.256.500 baht,0,11082750,90.42
18459223,27228050,15000000,Today at 19:48,15.000.000 baht,0,12228050,81.52
18185595,2139650,1208350,26/12/25 at 06:33,-,0,931300,77.07
18165458,1914650,1087500,26/12/25 at 07:09,-,0,827150,76.06
18014455,3207500,1824750,26/12/25 at 06:31,1.824.750 baht,0,1382750,75.78
18430839,4322500,2500000,26/12/25 at 21:03,2.500.000 baht,0,1822500,72.9
18479839,36041750,22499950,28/12/25 at 19:44,-,0,13541800,60.19
18154129,51613250,32450000,27/12/25 at 18:22,-,0,19163250,59.05
18138237,3965800,2500000,30/12/25 at 18:43,2.500.000 baht,0,1465800,58.63
18155428,3910100,2509300,26/12/25 at 07:43,-,0,1400800,55.82
18497884,75510350,50000000,Today at 19:03,-,0,25510350,51.02
18461159,7479300,5000000,26/12/25 at 21:03,-,0,2479300,49.59
18729319,185005000,125000000,28/12/25 at 17:41,-,0,60005000,48.0
18004620,1829900,1281900,26/12/25 at 07:11,-,0,548000,42.75
18668368,56196000,39500000,27/12/25 at 15:01,-,0,16696000,42.27
18078394,45824950,32450000,26/12/25 at 11:35,-,0,13374950,41.22
18367865,11620400,8244200,26/12/25 at 06:31,-,0,3376200,40.95
18528887,35144150,25000000,26/12/25 at 19:11,25.000.000 baht,0,10144150,40.58
18132353,3216900,2291950,26/12/25 at 07:24,-,0,924950,40.36
18204601,3506550,2500000,29/12/25 at 14:39,-,0,1006550,40.26
18440422,7317950,5244600,26/12/25 at 06:36,-,0,2073350,39.53
18180864,2650950,1900750,27/12/25 at 06:57,1.900.750 baht,0,750200,39.47
18074413,2890050,2077150,26/12/25 at 06:55,-,0,812900,39.14
18097882,13864000,10000000,1/1/26 at 11:33,-,0,3864000,38.64
18647727,58889600,42500000,27/12/25 at 03:56,-,0,16389600,38.56
18259811,54928800,40000000,26/12/25 at 04:22,-,0,14928800,37.32
18536220,20393800,15000000,26/12/25 at 08:23,15.000.000 baht,0,5393800,35.96
18527772,19994600,15065650,26/12/25 at 06:48,-,0,4928950,32.72
18146684,3203900,2420700,26/12/25 at 07:14,-,0,783200,32.35
18521068,66105550,50000000,27/12/25 at 09:07,-,0,16105550,32.21
18521141,25586150,19376600,26/12/25 at 06:44,-,0,6209550,32.05
18654658,49386600,37500000,27/12/25 at 03:51,37.500.000 baht,0,11886600,31.7
18457552,19529300,15000000,26/12/25 at 04:06,15.000.000 baht,0,4529300,30.2
18184810,65025000,50000000,26/12/25 at 09:25,50.000.000 baht,0,15025000,30.05
18345351,25965100,20000000,27/12/25 at 23:16,-,0,5965100,29.83
18138479,6132000,4742500,27/12/25 at 06:40,4.742.500 baht,0,1389500,29.3
18598139,15916400,12500000,27/12/25 at 08:52,-,0,3416400,27.33
18370266,55484000,43900400,Today at 20:36,-,0,11583600,26.39
18397032,15749200,12500000,Today at 18:24,-,0,3249200,25.99
18513355,50336000,40000000,26/12/25 at 08:25,-,0,10336000,25.84
18377510,50287200,40000000,Today at 19:05,-,0,10287200,25.72
18370279,18202700,14515150,27/12/25 at 06:55,14.515.150 baht,0,3687550,25.4
18144739,3203900,2556400,26/12/25 at 07:36,-,0,647500,25.33
18319046,23763850,19000000,27/12/25 at 05:49,-,0,4763850,25.07
18023610,49595750,40000000,26/12/25 at 12:30,41.293.400 baht,0,9595750,23.99
18393063,6630900,5349400,26/12/25 at 07:06,-,0,1281500,23.96
18002733,4098550,3307400,26/12/25 at 09:19,3.307.400 baht,0,791150,23.92
18287885,43206050,35000000,27/12/25 at 10:40,-,0,8206050,23.45
18396312,55502150,45000000,27/12/25 at 23:15,-,0,10502150,23.34
18007092,26475800,21484100,29/12/25 at 09:18,21.484.100 baht,0,4991700,23.23
18088330,8732500,7092450,27/12/25 at 09:20,7.092.450 baht,0,1640050,23.12
18641378,65096100,53500000,28/12/25 at 09:09,-,0,11596100,21.67
18572854,24306550,20000000,28/12/25 at 09:31,-,0,4306550,21.53
18496364,360000900,300000000,28/12/25 at 10:19,-,0,60000900,20.0
18665081,80269250,67500000,27/12/25 at 04:00,67.500.000 baht,0,12769250,18.92
18345332,23709950,20000000,Today at 17:22,-,0,3709950,18.55
18610542,26588750,22500000,26/12/25 at 08:14,-,0,4088750,18.17
18398318,5879450,5000000,26/12/25 at 08:10,5.000.000 baht,0,879450,17.59
18339584,48994550,41683900,27/12/25 at 06:40,-,0,7310650,17.54
18266397,88097500,75000000,27/12/25 at 21:17,-,0,13097500,17.46
18308516,46382500,39500000,26/12/25 at 18:05,-,0,6882500,17.42
18453575,13378250,11418900,28/12/25 at 07:40,-,0,1959350,17.16
18058074,5574550,4766550,27/12/25 at 06:41,4.766.550 baht,0,808000,16.95
17991547,25652100,21973650,28/12/25 at 06:34,-,0,3678450,16.74
18325765,16118150,13826450,26/12/25 at 07:14,13.826.450 baht,0,2291700,16.57
18664646,52035400,44649700,28/12/25 at 07:31,-,0,7385700,16.54
18379556,58011550,49999950,26/12/25 at 07:28,-,0,8011600,16.02
18312121,4897800,4223000,28/12/25 at 06:58,4.223.000 baht,0,674800,15.98
18439270,7325150,6320200,26/12/25 at 06:37,6.320.200 baht,0,1004950,15.9
18393280,17627250,15210600,26/12/25 at 06:43,-,0,2416650,15.89
18411065,8081450,6983900,28/12/25 at 07:42,-,0,1097550,15.72
18099611,4809050,4158700,28/12/25 at 06:35,-,0,650350,15.64
18449146,5762800,5000000,26/12/25 at 08:11,-,0,762800,15.26
18468989,12975300,11265450,28/12/25 at 06:34,-,0,1709850,15.18
18113482,11443250,9936200,27/12/25 at 06:55,-,0,1507050,15.17
18447689,7002800,6083400,26/12/25 at 07:16,6.083.400 baht,0,919400,15.11
18318491,5025400,4366150,26/12/25 at 07:12,-,0,659250,15.1
18518490,34475150,30000000,26/12/25 at 08:25,-,0,4475150,14.92
18454151,18341700,16000000,Today at 17:27,-,0,2341700,14.64
18418879,11462650,10010050,26/12/25 at 06:31,10.010.050 baht,0,1452600,14.51
18419352,6094900,5333700,28/12/25 at 07:22,-,0,761200,14.27
18408763,5910650,5173750,27/12/25 at 06:31,-,0,736900,14.24
18378505,6888700,6048500,26/12/25 at 07:00,6.048.500 baht,0,840200,13.89
18370491,19062300,16761100,27/12/25 at 07:25,16.761.100 baht,0,2301200,13.73
18641740,113722200,100000000,26/12/25 at 07:52,-,0,13722200,13.72
18503293,51056150,45000000,26/12/25 at 15:06,-,0,6056150,13.46
18183527,9227650,8139250,27/12/25 at 06:45,8.139.250 baht,0,1088400,13.37
18365556,79314100,70000000,27/12/25 at 15:29,-,0,9314100,13.31
18450697,71905750,63500000,28/12/25 at 09:08,-,0,8405750,13.24
18215371,19715950,17434100,28/12/25 at 07:24,-,0,2281850,13.09
18356330,8639450,7646550,27/12/25 at 06:31,7.646.550 baht,0,992900,12.98
18406310,19248750,17039350,27/12/25 at 07:05,-,0,2209400,12.97
18390663,7119000,6310000,27/12/25 at 06:41,6.310.000 baht,0,809000,12.82
18538625,7652750,6784700,28/12/25 at 06:36,-,0,868050,12.79
18585345,23328700,20683500,27/12/25 at 06:42,-,0,2645200,12.79
17982092,5652300,5019650,26/12/25 at 07:06,5.019.650 baht,0,632650,12.6
18517833,16298800,14500000,29/12/25 at 05:28,-,0,1798800,12.41
18370749,5036250,4481750,28/12/25 at 06:32,-,0,554500,12.37
18143050,3943900,3513800,26/12/25 at 06:37,3.513.800 baht,0,430100,12.24
18064340,11243800,10024450,27/12/25 at 06:30,10.024.450 baht,0,1219350,12.16
18478132,38250350,34146150,28/12/25 at 06:57,-,0,4104200,12.02
18547176,12061900,10772600,28/12/25 at 06:59,-,0,1289300,11.97
18339537,5036250,4500750,26/12/25 at 06:42,-,0,535500,11.9
18353884,4545450,4069550,28/12/25 at 07:39,-,0,475900,11.69
18178515,3791950,3403850,27/12/25 at 06:49,-,0,388100,11.4
18250359,56842250,51029350,28/12/25 at 07:03,-,0,5812900,11.39
18330557,3287000,2951400,28/12/25 at 06:33,-,0,335600,11.37
18638817,136303300,122500000,26/12/25 at 15:06,-,0,13803300,11.27
18057145,18800200,16926700,26/12/25 at 06:52,-,0,1873500,11.07
18155919,12512450,11269200,28/12/25 at 07:20,11.269.200 baht,0,1243250,11.03
18506268,11308400,10189350,26/12/25 at 06:42,10.189.350 baht,0,1119050,10.98
18266678,5017850,4529500,27/12/25 at 07:01,4.529.500 baht,0,488350,10.78
18219190,26382250,23858750,28/12/25 at 07:32,-,0,2523500,10.58
18006229,7396250,6693150,26/12/25 at 06:55,6.693.150 baht,0,703100,10.5
18530901,14493050,13121450,26/12/25 at 07:05,-,0,1371600,10.45
18346818,12040200,10925600,26/12/25 at 07:00,10.925.600 baht,0,1114600,10.2
18423689,4674650,4242450,26/12/25 at 06:52,-,0,432200,10.19
18547776,12885300,11706100,26/12/25 at 07:09,-,0,1179200,10.07
18177830,57635450,52500000,28/12/25 at 08:48,52.500.000 baht,0,5135450,9.78
18343502,7289000,6641850,27/12/25 at 07:04,6.641.850 baht,0,647150,9.74
18561725,15882950,14498300,27/12/25 at 06:45,-,0,1384650,9.55
18254663,54857450,50100000,28/12/25 at 07:18,-,0,4757450,9.5
18249770,3354050,3063550,27/12/25 at 07:29,-,0,290500,9.48
18345497,9103700,8320750,26/12/25 at 07:06,8.320.750 baht,0,782950,9.41
18221143,4337600,3964900,27/12/25 at 06:39,3.964.900 baht,0,372700,9.4
18342903,13149350,12045800,27/12/25 at 06:48,-,0,1103550,9.16
18368752,25999900,23820600,27/12/25 at 06:42,-,0,2179300,9.15
18547383,98215700,90000000,28/12/25 at 09:27,-,0,8215700,9.13
18539106,81691900,75000000,29/12/25 at 20:51,-,0,6691900,8.92
18447387,38097100,35000000,26/12/25 at 05:58,-,0,3097100,8.85
18254974,57047100,52500000,29/12/25 at 20:52,-,0,4547100,8.66
18335696,81467200,75000000,31/12/25 at 00:13,-,0,6467200,8.62
18454467,14079050,12970950,28/12/25 at 07:11,12.970.950 baht,0,1108100,8.54
18357465,3359500,3095500,26/12/25 at 06:48,-,0,264000,8.53
18433188,8581550,7911200,26/12/25 at 07:28,7.911.200 baht,0,670350,8.47
18336354,21193850,19601900,26/12/25 at 06:30,-,0,1591950,8.12
18419124,16670150,15438300,28/12/25 at 06:36,-,0,1231850,7.98
18454738,43118300,39950000,27/12/25 at 16:48,-,0,3168300,7.93
18571107,55432000,51367950,27/12/25 at 07:02,-,0,4064050,7.91
18137323,16295400,15109650,28/12/25 at 07:12,-,0,1185750,7.85
18285053,28227200,26242550,28/12/25 at 06:34,-,0,1984650,7.56
18319230,61769600,57500000,27/12/25 at 13:35,-,0,4269600,7.43
18610498,24221500,22563200,26/12/25 at 09:21,22.563.200 baht,0,1658300,7.35
18433830,53664450,50000000,28/12/25 at 03:54,-,0,3664450,7.33
18441548,74561750,69500000,28/12/25 at 20:35,-,0,5061750,7.28
18306123,32190400,30098000,29/12/25 at 23:22,-,0,2092400,6.95
18308759,59640500,55763500,29/12/25 at 23:22,-,0,3877000,6.95
17993976,26124750,24446500,29/12/25 at 23:21,-,0,1678250,6.86
18453369,23660700,22142950,26/12/25 at 06:37,22.142.950 baht,0,1517750,6.85
18472990,6135950,5745900,26/12/25 at 07:37,5.745.900 baht,0,390050,6.79
18372517,93440400,87500000,26/12/25 at 10:17,-,0,5940400,6.79
18419147,14450450,13551850,27/12/25 at 06:34,-,0,898600,6.63
18239738,4725450,4434350,28/12/25 at 06:41,4.434.350 baht,0,291100,6.56
18323266,3944000,3708650,28/12/25 at 07:12,-,0,235350,6.35
18274277,68941200,65000000,28/12/25 at 08:56,-,0,3941200,6.06
18375910,16838300,15878150,27/12/25 at 07:09,-,0,960150,6.05
18417108,30335300,28604300,27/12/25 at 06:30,-,0,1731000,6.05
18275222,42391950,40000000,26/12/25 at 15:06,-,0,2391950,5.98
18003811,10238300,9663950,26/12/25 at 06:30,9.663.950 baht,0,574350,5.94
18373121,6136900,5794200,28/12/25 at 06:45,-,0,342700,5.91
18417085,74105300,70000000,27/12/25 at 03:54,-,0,4105300,5.86
18308521,6311700,5963250,27/12/25 at 06:57,5.963.250 baht,0,348450,5.84
18374093,35944100,34000000,27/12/25 at 15:04,-,0,1944100,5.72
18241020,2237800,2118400,27/12/25 at 06:55,-,0,119400,5.64
18435585,13512850,12791250,28/12/25 at 06:35,-,0,721600,5.64
18397943,24195600,22909450,27/12/25 at 06:33,-,0,1286150,5.61
18481007,13195500,12500000,26/12/25 at 10:52,-,0,695500,5.56
18432056,6938200,6583000,28/12/25 at 07:26,-,0,355200,5.4
18066581,28017800,26604000,29/12/25 at 23:21,-,0,1413800,5.31
18055754,36854050,35000000,27/12/25 at 15:25,35.000.000 baht,0,1854050,5.3
18541422,10619550,10105400,27/12/25 at 06:38,-,0,514150,5.09
18319997,16436650,15690650,28/12/25 at 07:34,-,0,746000,4.75
18380213,20949650,20000000,27/12/25 at 23:16,-,0,949650,4.75
18231444,12812500,12248000,29/12/25 at 23:21,-,0,564500,4.61
18419458,4356000,4165300,26/12/25 at 06:30,4.165.300 baht,0,190700,4.58
18377962,52272900,50000000,28/12/25 at 09:10,-,0,2272900,4.55
18379032,3625600,3474600,27/12/25 at 06:31,3.474.600 baht,0,151000,4.35
18516748,15648250,15000000,27/12/25 at 18:09,-,0,648250,4.32
18427691,7596750,7292200,27/12/25 at 06:36,-,0,304550,4.18
18163295,42118700,40431200,28/12/25 at 07:40,-,0,1687500,4.17
18465189,11566600,11117400,27/12/25 at 07:20,-,0,449200,4.04
18380631,21100200,20309800,28/12/25 at 07:29,-,0,790400,3.89
18121152,41494600,40000000,31/12/25 at 00:13,-,0,1494600,3.74
18115061,72600400,70000000,28/12/25 at 15:02,-,0,2600400,3.71
18129469,8309550,8033900,26/12/25 at 07:00,-,0,275650,3.43
18647745,72291200,70000000,27/12/25 at 16:55,-,0,2291200,3.27
18447166,41242350,40000000,28/12/25 at 03:18,-,0,1242350,3.11
18351162,60389050,58601000,27/12/25 at 07:18,-,0,1788050,3.05
18447090,92736550,90000000,28/12/25 at 03:17,-,0,2736550,3.04
18373716,6094900,5918100,27/12/25 at 06:36,-,0,176800,2.99
18472156,14496750,14098200,28/12/25 at 07:07,-,0,398550,2.83
18417929,5879450,5726700,28/12/25 at 07:26,-,0,152750,2.67
18646671,25714650,25065400,28/12/25 at 07:28,-,0,649250,2.59
18420601,8295700,8099550,27/12/25 at 07:14,8.099.550 baht,0,196150,2.42
18307958,3617550,3533400,27/12/25 at 06:29,-,0,84150,2.38
18276882,54912850,53649500,29/12/25 at 23:21,-,0,1263350,2.35
18561743,13235300,12963700,27/12/25 at 06:32,-,0,271600,2.1
18110008,63799300,62500000,29/12/25 at 13:28,-,0,1299300,2.08
18461943,6980700,6843150,28/12/25 at 07:42,-,0,137550,2.01
18188461,33374800,32751000,29/12/25 at 23:21,-,0,623800,1.9
18137497,50796700,50000000,Today at 17:43,-,0,796700,1.59
18293447,43744950,43092200,26/12/25 at 07:22,-,0,652750,1.51
18113657,31529400,31063100,27/12/25 at 06:35,-,0,466300,1.5
18382185,50669800,50000000,28/12/25 at 14:40,-,0,669800,1.34
18161434,40488500,40000000,31/12/25 at 00:12,-,0,488500,1.22
18310719,45170450,44628000,29/12/25 at 23:22,-,0,542450,1.22
18383300,12986500,12833000,29/12/25 at 23:22,-,0,153500,1.2
18350118,6422950,6355300,26/12/25 at 07:09,6.355.300 baht,0,67650,1.06
18415970,30081550,29801500,29/12/25 at 23:22,-,0,280050,0.94
18547180,13061050,12940750,28/12/25 at 06:38,-,0,120300,0.93
18556812,20170250,20000000,26/12/25 at 10:54,-,0,170250,0.85
18521009,7645150,7605250,28/12/25 at 06:49,7.939.150 baht,0,39900,0.52
18466903,38250350,38084750,27/12/25 at 07:10,38.084.750 baht,0,165600,0.43
18440067,14209600,14151200,26/12/25 at 07:17,14.151.200 baht,0,58400,0.41
18296990,15583550,15533000,27/12/25 at 06:31,-,0,50550,0.33
18321505,25903600,25824650,27/12/25 at 06:57,28.258.000 baht,0,78950,0.31
18037243,2706650,2702900,26/12/25 at 06:29,-,0,3750,0.14
18017954,2706650,2702900,27/12/25 at 06:59,-,0,3750,0.14
18414964,5176600,5172700,26/12/25 at 06:30,-,0,3900,0.08
18122123,3701250,3698800,26/12/25 at 06:36,-,0,2450,0.07
18671374,85026300,85000000,28/12/25 at 02:05,-,0,26300,0.03
18158510,20559500,20558050,26/12/25 at 06:33,-,0,1450,0.01
18029214,1827600,1827450,28/12/25 at 06:43,-,0,150,0.01
17995691,3215300,3215300,26/12/25 at 07:41,-,0,0,0.0
18009090,1837200,0,26/12/25 at 07:03,-,0,1837200,0.0
18150540,3178850,0,26/12/25 at 07:41,-,0,3178850,0.0
18118114,4161450,4161450,26/12/25 at 07:42,-,0,0,0.0
18184977,1903350,0,26/12/25 at 06:54,-,0,1903350,0.0
18278413,3703100,3703100,26/12/25 at 07:24,-,0,0,0.0
18055173,1830000,0,26/12/25 at 07:10,-,0,1830000,0.0
18054286,4098100,4098100,26/12/25 at 07:36,-,0,0,0.0
18196853,3107800,3107800,27/12/25 at 06:38,-,0,0,0.0
18036664,4096550,4096550,26/12/25 at 07:30,-,0,0,0.0
18061754,3349400,3349400,26/12/25 at 07:08,-,0,0,0.0
18402111,11566600,11566600,26/12/25 at 06:31,-,0,0,0.0
18251515,15579500,15579500,26/12/25 at 07:14,-,0,0,0.0
18260824,5038400,5038400,26/12/25 at 07:24,-,0,0,0.0
18221081,6832600,6832600,27/12/25 at 07:00,-,0,0,0.0
18320568,11671050,11671050,26/12/25 at 07:18,-,0,0,0.0
18122550,3207400,0,26/12/25 at 07:16,-,0,3207400,0.0
18190962,4690450,4690450,26/12/25 at 07:14,-,0,0,0.0
18049374,26624350,26624350,26/12/25 at 06:56,-,0,0,0.0
18341416,88252600,88252600,28/12/25 at 07:19,-,0,0,0.0
18113848,3204550,0,26/12/25 at 07:38,-,0,3204550,0.0
18175507,2506700,0,26/12/25 at 06:33,-,0,2506700,0.0
18099041,9029050,9029050,26/12/25 at 07:00,-,0,0,0.0
18314869,2884250,0,26/12/25 at 07:19,-,0,2884250,0.0
18099231,7764850,7764850,26/12/25 at 06:43,-,0,0,0.0
18224431,3391300,0,26/12/25 at 07:31,-,0,3391300,0.0
18121684,9655550,9655550,26/12/25 at 06:54,-,0,0,0.0
18051624,11327850,11327850,28/12/25 at 07:43,-,0,0,0.0
18258665,2130450,0,26/12/25 at 07:03,-,0,2130450,0.0
18122542,11362900,11362900,26/12/25 at 07:30,-,0,0,0.0
18147056,1708300,0,26/12/25 at 21:03,-,0,1708300,0.0
18145908,3056950,3056950,26/12/25 at 06:35,-,0,0,0.0
18130573,2568750,0,26/12/25 at 06:59,234.000 baht,0,2568750,0.0
18081929,4313550,4313550,28/12/25 at 06:47,-,0,0,0.0
18056812,3362650,3362650,26/12/25 at 07:18,-,0,0,0.0
18208415,3412850,0,26/12/25 at 06:42,-,0,3412850,0.0
18100076,1872250,0,26/12/25 at 07:10,-,0,1872250,0.0
18050931,2127900,0,26/12/25 at 06:53,-,0,2127900,0.0
18133351,9919500,9919500,26/12/25 at 07:24,-,0,0,0.0
18055953,5925700,5925700,26/12/25 at 07:42,-,0,0,0.0
18249704,11528750,0,27/12/25 at 21:18,572.950 baht,0,11528750,0.0
18262712,3290900,0,26/12/25 at 07:07,-,0,3290900,0.0
18022500,2433300,0,26/12/25 at 06:39,-,0,2433300,0.0
18311609,13158050,13158050,26/12/25 at 07:30,-,0,0,0.0
18007623,1827600,0,26/12/25 at 07:27,-,0,1827600,0.0
18186232,6398550,6398550,26/12/25 at 06:34,-,0,0,0.0
18632630,43033950,0,28/12/25 at 07:20,-,0,43033950,0.0
18102999,3213450,0,26/12/25 at 06:58,-,0,3213450,0.0
18220727,2178600,0,26/12/25 at 06:40,-,0,2178600,0.0
18061086,2129350,2129350,26/12/25 at 06:35,-,0,0,0.0
18041380,2136450,0,26/12/25 at 06:42,-,0,2136450,0.0
18017098,4628000,0,28/12/25 at 20:49,630.800 baht,0,4628000,0.0
18204250,1914650,1914650,26/12/25 at 07:36,-,0,0,0.0
18005522,2431250,2431250,26/12/25 at 06:35,-,0,0,0.0
18292956,3253300,0,26/12/25 at 06:34,-,0,3253300,0.0
18405150,7332500,7332500,26/12/25 at 07:13,-,0,0,0.0
18316812,3344800,0,26/12/25 at 07:20,-,0,3344800,0.0
18045589,3207400,0,26/12/25 at 06:49,-,0,3207400,0.0
18025543,4563350,4563350,26/12/25 at 07:22,-,0,0,0.0
18273689,4690450,4690450,26/12/25 at 07:16,-,0,0,0.0
18056346,5542050,5542050,26/12/25 at 07:01,-,0,0,0.0
18120383,10521000,10521000,26/12/25 at 06:56,-,0,0,0.0
18027024,1832800,0,26/12/25 at 07:09,-,0,1832800,0.0
18046741,2128800,2128800,26/12/25 at 07:02,-,0,0,0.0
18060438,5922650,5922650,26/12/25 at 07:28,-,0,0,0.0
18234913,13445100,13445100,26/12/25 at 07:25,-,0,0,0.0
18255653,2238750,0,26/12/25 at 07:21,-,0,2238750,0.0
18061837,5573850,5573850,26/12/25 at 06:49,-,0,0,0.0
18413405,7069950,7069950,26/12/25 at 06:59,-,0,0,0.0
18463673,10821300,10821300,26/12/25 at 07:08,-,0,0,0.0
18044776,1882450,0,26/12/25 at 07:34,-,0,1882450,0.0
17982365,4157450,4157450,26/12/25 at 07:20,-,0,0,0.0
18435937,38127900,0,N/A,-,0,38127900,0.0
18010186,2884100,0,26/12/25 at 06:50,-,0,2884100,0.0
18091868,3662450,0,26/12/25 at 06:47,-,0,3662450,0.0
18053709,1889200,0,26/12/25 at 06:36,-,0,1889200,0.0
17985924,2418900,2418900,26/12/25 at 07:18,-,0,0,0.0
18396035,15723800,15723800,26/12/25 at 07:40,-,0,0,0.0
18334235,10399950,10399950,26/12/25 at 06:59,-,0,0,0.0
18133628,9873950,9873950,26/12/25 at 06:52,-,0,0,0.0
18370869,3271200,3271200,26/12/25 at 06:31,-,0,0,0.0
18378048,35688850,0,N/A,-,0,35688850,0.0
18004271,1837750,0,26/12/25 at 07:17,-,0,1837750,0.0
18317689,2846250,0,26/12/25 at 07:27,-,0,2846250,0.0
18336700,2843050,0,26/12/25 at 07:05,-,0,2843050,0.0
17987264,1828100,0,26/12/25 at 07:28,-,0,1828100,0.0
18349882,20643750,20643750,26/12/25 at 07:01,-,0,0,0.0
18455058,8851300,8851300,26/12/25 at 07:14,-,0,0,0.0
18576242,63942500,0,Today at 19:39,12.314.000 baht,0,63942500,0.0
18277712,3524650,0,26/12/25 at 06:33,-,0,3524650,0.0
18334870,18202700,18202700,28/12/25 at 07:30,-,0,0,0.0
18087165,3227250,3227250,26/12/25 at 06:59,-,0,0,0.0
18033439,2710150,2710150,28/12/25 at 06:57,-,0,0,0.0
18131819,9221350,9221350,27/12/25 at 07:32,-,0,0,0.0
18361924,14136300,0,27/12/25 at 10:43,1.778.350 baht,0,14136300,0.0
18191815,6263400,6263400,26/12/25 at 06:43,-,0,0,0.0
18325220,3279300,0,26/12/25 at 07:21,298.300 baht,0,3279300,0.0
18209460,4501350,4501350,26/12/25 at 07:40,-,0,0,0.0
18461446,6668250,6668250,26/12/25 at 07:34,-,0,0,0.0
18392496,4381000,4383400,28/12/25 at 07:09,-,0,-2400,-0.05
18115998,3346700,3352800,26/12/25 at 07:24,-,0,-6100,-0.18
18064018,3153700,3161550,26/12/25 at 07:03,-,0,-7850,-0.25
18153082,3172150,3180050,26/12/25 at 07:15,-,0,-7900,-0.25
18133536,3302400,3310750,26/12/25 at 07:16,-,0,-8350,-0.25
18184308,3302400,3310750,26/12/25 at 06:34,-,0,-8350,-0.25
18050979,3126550,3134400,26/12/25 at 07:01,-,0,-7850,-0.25
18074207,2373500,2380000,26/12/25 at 07:14,-,0,-6500,-0.27
18264222,4772350,4785050,26/12/25 at 07:09,-,0,-12700,-0.27
18050355,2373850,2380350,26/12/25 at 06:47,-,0,-6500,-0.27
18178586,2623100,2630450,27/12/25 at 06:43,-,0,-7350,-0.28
18121463,2314400,2320900,26/12/25 at 06:57,-,0,-6500,-0.28
18048861,2337250,2343750,26/12/25 at 07:32,-,0,-6500,-0.28
18121943,2664100,2671600,26/12/25 at 06:39,-,0,-7500,-0.28
18360518,3908350,3919600,26/12/25 at 06:56,-,0,-11250,-0.29
18212902,3744100,3754900,26/12/25 at 06:34,-,0,-10800,-0.29
18272518,3893350,3904600,26/12/25 at 06:56,-,0,-11250,-0.29
18132560,2454900,2462500,26/12/25 at 07:09,-,0,-7600,-0.31
18127556,2455000,2462600,28/12/25 at 06:48,-,0,-7600,-0.31
18085921,14871150,14916700,26/12/25 at 06:51,-,0,-45550,-0.31
18295618,3957800,3970150,26/12/25 at 06:47,-,0,-12350,-0.31
18147058,1802100,1808650,26/12/25 at 07:03,-,0,-6550,-0.36
18138504,2474750,2485500,26/12/25 at 07:34,-,0,-10750,-0.43
18121827,3553250,3570900,26/12/25 at 07:14,3.570.900 baht,0,-17650,-0.49
18160152,8028450,8070450,26/12/25 at 06:56,-,0,-42000,-0.52
18330788,7393300,7432500,26/12/25 at 06:41,-,0,-39200,-0.53
18031812,6543200,6580350,26/12/25 at 06:30,-,0,-37150,-0.56
18133394,59642800,60000000,26/12/25 at 13:59,-,0,-357200,-0.6
18241564,2295700,2310300,28/12/25 at 06:52,-,0,-14600,-0.63
18202829,4705900,4736250,26/12/25 at 07:18,-,0,-30350,-0.64
18234011,13388100,13478550,27/12/25 at 07:11,-,0,-90450,-0.67
18117645,3331900,3355050,27/12/25 at 06:56,-,0,-23150,-0.69
18185355,13445100,13583050,28/12/25 at 07:22,-,0,-137950,-1.02
18135082,3178850,3212300,28/12/25 at 06:41,-,0,-33450,-1.04
18368737,3745800,3786400,27/12/25 at 07:13,-,0,-40600,-1.07
17990457,34556800,35000000,1/1/26 at 12:44,-,0,-443200,-1.27
18302109,16199050,16409550,26/12/25 at 07:28,-,0,-210500,-1.28
18610519,11442650,11607350,28/12/25 at 06:46,-,0,-164700,-1.42
18369452,39137700,39745400,27/12/25 at 06:34,-,0,-607700,-1.53
18469441,19417850,19739550,26/12/25 at 06:49,-,0,-321700,-1.63
18446033,8087700,8235650,28/12/25 at 07:40,-,0,-147950,-1.8
18245008,23357550,23806200,26/12/25 at 07:07,-,0,-448650,-1.88
18572444,12778250,13033800,26/12/25 at 23:41,-,0,-255550,-1.96
18385536,15437150,15747900,27/12/25 at 07:25,-,0,-310750,-1.97
18387258,25228000,25750000,Today at 16:45,25.750.000 baht,0,-522000,-2.03
18527639,21385600,21830800,28/12/25 at 06:34,-,0,-445200,-2.04
18271677,33500100,34211450,28/12/25 at 06:38,-,0,-711350,-2.08
18389074,3957550,4042250,28/12/25 at 06:38,-,0,-84700,-2.1
18147036,33193750,33918650,28/12/25 at 06:58,-,0,-724900,-2.14
18324398,48159300,49234700,26/12/25 at 07:10,49.234.700 baht,0,-1075400,-2.18
18131717,11450950,11708900,26/12/25 at 06:57,-,0,-257950,-2.2
18119170,22470500,22992650,26/12/25 at 07:14,-,0,-522150,-2.27
18605760,25942100,26575100,27/12/25 at 07:30,-,0,-633000,-2.38
18430802,43926500,45000000,27/12/25 at 23:15,-,0,-1073500,-2.39
18293166,16330950,16732250,28/12/25 at 06:45,-,0,-401300,-2.4
18460976,13208650,13549200,26/12/25 at 07:34,-,0,-340550,-2.51
18311462,15028250,15418900,27/12/25 at 06:28,-,0,-390650,-2.53
18430359,5977900,6136450,28/12/25 at 06:33,-,0,-158550,-2.58
18499705,11464050,11786450,26/12/25 at 07:03,-,0,-322400,-2.74
18053011,2430050,2500000,27/12/25 at 22:01,-,0,-69950,-2.8
18317256,34016500,35000000,28/12/25 at 13:28,35.000.000 baht,0,-983500,-2.81
18393535,65619450,67594500,27/12/25 at 07:18,-,0,-1975050,-2.92
18376577,16923000,17458750,27/12/25 at 06:53,-,0,-535750,-3.07
18373017,35697650,36926350,28/12/25 at 06:51,-,0,-1228700,-3.33
18561049,21699000,22484450,28/12/25 at 07:13,-,0,-785450,-3.49
18074748,96391200,100000000,Today at 20:57,-,0,-3608800,-3.61
18468441,14954250,15529100,26/12/25 at 07:18,-,0,-574850,-3.7
17983427,14141600,14697300,28/12/25 at 07:13,-,0,-555700,-3.78
18140623,1956950,2034000,26/12/25 at 07:20,-,0,-77050,-3.79
18255624,4332350,4506100,28/12/25 at 07:33,-,0,-173750,-3.86
18327703,4381000,4571200,26/12/25 at 06:52,-,0,-190200,-4.16
18439854,5937900,6206650,27/12/25 at 06:31,-,0,-268750,-4.33
18343805,16630400,17384850,26/12/25 at 07:24,-,0,-754450,-4.34
18448271,13219700,13830800,28/12/25 at 06:53,-,0,-611100,-4.42
18329511,3700400,3872450,26/12/25 at 07:40,-,0,-172050,-4.44
18280043,14512900,15217050,28/12/25 at 06:46,-,0,-704150,-4.63
17996587,5480250,5747450,28/12/25 at 06:58,-,0,-267200,-4.65
18444374,7711450,8091200,26/12/25 at 06:57,-,0,-379750,-4.69
18372479,16169600,16974300,26/12/25 at 07:06,-,0,-804700,-4.74
18374678,7020650,7397750,26/12/25 at 06:43,-,0,-377100,-5.1
18019628,11253300,11860900,26/12/25 at 07:12,-,0,-607600,-5.12
18255076,4056100,4278150,28/12/25 at 07:35,-,0,-222050,-5.19
18388674,15592900,16449750,27/12/25 at 06:29,-,0,-856850,-5.21
18366984,8275800,8730750,26/12/25 at 07:01,-,0,-454950,-5.21
17995611,2418900,2552700,28/12/25 at 07:18,-,0,-133800,-5.24
18283639,12822200,13555800,26/12/25 at 06:47,-,0,-733600,-5.41
18404551,7020650,7428950,28/12/25 at 06:56,-,0,-408300,-5.5
18376891,4982300,5284300,28/12/25 at 06:37,-,0,-302000,-5.72
18165641,3328900,3534800,26/12/25 at 06:47,-,0,-205900,-5.82
18436155,61177700,65000000,27/12/25 at 13:54,-,0,-3822300,-5.88
18388599,12252500,13031650,28/12/25 at 07:18,-,0,-779150,-5.98
18588712,26089550,27776600,27/12/25 at 06:37,-,0,-1687050,-6.07
18499493,46960900,50000000,26/12/25 at 10:41,-,0,-3039100,-6.08
18389642,6051300,6445100,28/12/25 at 06:33,-,0,-393800,-6.11
18024470,10747350,11458100,26/12/25 at 06:33,-,0,-710750,-6.2
18206091,2168650,2312500,28/12/25 at 07:22,-,0,-143850,-6.22
18479097,5762000,6164750,26/12/25 at 07:31,-,0,-402750,-6.53
18444252,10245750,10973800,26/12/25 at 06:49,-,0,-728050,-6.63
18412436,4699150,5040450,26/12/25 at 06:52,-,0,-341300,-6.77
18245224,15945900,17123350,26/12/25 at 06:35,-,0,-1177450,-6.88
18183246,4657750,5003750,26/12/25 at 07:14,-,0,-346000,-6.91
18398794,7202350,7744450,28/12/25 at 06:36,-,0,-542100,-7.0
18261211,13769450,14809100,26/12/25 at 06:37,-,0,-1039650,-7.02
18342330,51124850,55000000,26/12/25 at 15:06,-,0,-3875150,-7.05
18483868,6587000,7089050,28/12/25 at 06:54,-,0,-502050,-7.08
18551826,16199650,17436500,27/12/25 at 06:55,-,0,-1236850,-7.09
18201522,3848550,4143550,28/12/25 at 07:29,-,0,-295000,-7.12
18288494,4047550,4358000,28/12/25 at 07:07,-,0,-310450,-7.12
18467752,116093200,125000000,26/12/25 at 21:59,-,0,-8906800,-7.13
18341497,5149050,5548700,26/12/25 at 07:19,-,0,-399650,-7.2
18356821,9722950,10482750,28/12/25 at 07:08,-,0,-759800,-7.25
18359644,25460800,27455200,27/12/25 at 06:47,-,0,-1994400,-7.26
18178599,10858750,11711750,26/12/25 at 07:28,-,0,-853000,-7.28
18350528,15398150,16627400,27/12/25 at 06:55,-,0,-1229250,-7.39
18194470,4337600,4684450,26/12/25 at 06:46,-,0,-346850,-7.4
18190011,26445600,28603900,28/12/25 at 07:07,-,0,-2158300,-7.55
18416738,14362700,15546200,28/12/25 at 07:09,-,0,-1183500,-7.61
18369715,22633100,24500000,26/12/25 at 20:35,-,0,-1866900,-7.62
18438422,5742900,6217600,26/12/25 at 06:31,-,0,-474700,-7.63
18068750,27711100,30000000,28/12/25 at 13:29,-,0,-2288900,-7.63
18386406,5067050,5490200,28/12/25 at 06:39,-,0,-423150,-7.71
18210303,18894350,20487500,26/12/25 at 07:35,-,0,-1593150,-7.78
18050122,14394100,15613850,28/12/25 at 07:10,-,0,-1219750,-7.81
18417478,5036250,5463300,26/12/25 at 06:31,-,0,-427050,-7.82
18565678,44777250,48633750,28/12/25 at 07:31,-,0,-3856500,-7.93
18236238,10130800,11007150,26/12/25 at 06:43,-,0,-876350,-7.96
18305030,34245150,37210950,27/12/25 at 07:24,-,0,-2965800,-7.97
18068254,45988250,50000000,26/12/25 at 09:13,-,0,-4011750,-8.02
18447413,14370100,15649200,26/12/25 at 07:05,-,0,-1279100,-8.17
18342379,50157050,54671600,27/12/25 at 07:04,-,0,-4514550,-8.26
18343784,68749750,75000000,28/12/25 at 13:13,-,0,-6250250,-8.33
18402534,12346900,13468400,27/12/25 at 06:57,-,0,-1121500,-8.33
18580463,22666400,24744400,28/12/25 at 07:17,-,0,-2078000,-8.4
18334995,16190100,17679450,26/12/25 at 06:58,-,0,-1489350,-8.42
18505205,43492250,47500000,27/12/25 at 06:50,-,0,-4007750,-8.44
18655500,29702750,32500000,Today at 18:58,-,0,-2797250,-8.61
18203588,3867750,4232350,26/12/25 at 06:40,-,0,-364600,-8.61
18520875,12141800,13286550,26/12/25 at 06:30,-,0,-1144750,-8.62
18315155,20386950,22313700,28/12/25 at 07:32,-,0,-1926750,-8.63
18344280,48994550,53635050,27/12/25 at 06:30,-,0,-4640500,-8.65
18216236,3088100,3384600,26/12/25 at 06:44,-,0,-296500,-8.76
18310038,58070950,63683350,27/12/25 at 06:41,-,0,-5612400,-8.81
18486502,22790050,25000000,27/12/25 at 23:16,-,0,-2209950,-8.84
18178765,6735600,7389350,28/12/25 at 07:02,-,0,-653750,-8.85
18500093,8690350,9541900,27/12/25 at 07:11,-,0,-851550,-8.92
18001057,3225450,3555750,28/12/25 at 07:07,-,0,-330300,-9.29
18426580,41103450,45320750,26/12/25 at 06:35,-,0,-4217300,-9.31
18629189,18920000,20872950,27/12/25 at 06:49,-,0,-1952950,-9.36
18466683,19244200,21243950,27/12/25 at 06:31,-,0,-1999750,-9.41
18373713,31699700,34998250,28/12/25 at 07:07,-,0,-3298550,-9.42
18170654,33729650,37253400,28/12/25 at 07:04,-,0,-3523750,-9.46
18431166,8728850,9640950,26/12/25 at 07:14,-,0,-912100,-9.46
18268989,15809200,17482650,26/12/25 at 07:11,-,0,-1673450,-9.57
18435624,15749200,17434650,27/12/25 at 06:57,-,0,-1685450,-9.67
18424055,22015700,24392400,28/12/25 at 07:37,-,0,-2376700,-9.74
18387729,17059600,18923550,26/12/25 at 06:41,-,0,-1863950,-9.85
18527856,9012050,10000000,26/12/25 at 20:02,-,0,-987950,-9.88
18457563,14154050,15724550,27/12/25 at 06:30,-,0,-1570500,-9.99
18263027,5038400,5600900,26/12/25 at 07:17,-,0,-562500,-10.04
18065702,28621050,31843600,28/12/25 at 06:47,-,0,-3222550,-10.12
18402550,11489200,12792200,26/12/25 at 07:41,-,0,-1303000,-10.19
18123817,2329250,2595350,28/12/25 at 07:11,-,0,-266100,-10.25
18479358,5659950,6307150,28/12/25 at 07:43,-,0,-647200,-10.26
18321378,26293550,29303550,26/12/25 at 06:29,-,0,-3010000,-10.27
18370321,27741000,30924800,26/12/25 at 07:02,-,0,-3183800,-10.3
18381712,4277500,4770150,26/12/25 at 06:39,-,0,-492650,-10.33
18416329,9536700,10637000,26/12/25 at 07:08,-,0,-1100300,-10.34
18411709,15160100,16920850,27/12/25 at 07:21,-,0,-1760750,-10.41
18530622,20116900,22500000,26/12/25 at 16:47,-,0,-2383100,-10.59
18565198,20448550,22873200,27/12/25 at 06:31,-,0,-2424650,-10.6
18207944,3549800,3976950,26/12/25 at 06:31,-,0,-427150,-10.74
18082614,35903350,40262900,26/12/25 at 07:14,-,0,-4359550,-10.83
18502031,17830550,20000000,26/12/25 at 10:55,-,0,-2169450,-10.85
18068069,2390950,2683700,27/12/25 at 06:31,-,0,-292750,-10.91
18134017,3974550,4462500,26/12/25 at 06:34,-,0,-487950,-10.93
18314482,8350400,9380250,28/12/25 at 06:37,-,0,-1029850,-10.98
18463719,70008050,78673150,28/12/25 at 07:36,-,0,-8665100,-11.01
18455922,8615100,9699500,27/12/25 at 07:27,-,0,-1084400,-11.18
18077606,4131100,4650850,26/12/25 at 06:30,-,0,-519750,-11.18
18063058,44351100,50000000,29/12/25 at 09:18,-,0,-5648900,-11.3
18431264,28751900,32430900,26/12/25 at 07:29,-,0,-3679000,-11.34
18298034,51012100,57579650,28/12/25 at 06:38,-,0,-6567550,-11.41
18484574,36329900,41020500,27/12/25 at 06:32,-,0,-4690600,-11.43
18433730,14776800,16686000,27/12/25 at 06:36,-,0,-1909200,-11.44
18402685,11054950,12487650,27/12/25 at 06:31,-,0,-1432700,-11.47
18406079,45059250,50901650,27/12/25 at 06:39,-,0,-5842400,-11.48
18113895,22022900,24887750,26/12/25 at 07:18,-,0,-2864850,-11.51
18481681,14965150,16918300,26/12/25 at 07:22,-,0,-1953150,-11.54
18323359,55354400,62618400,27/12/25 at 07:02,-,0,-7264000,-11.6
18435598,4740850,5365800,27/12/25 at 06:56,-,0,-624950,-11.65
18413275,7269000,8228300,28/12/25 at 07:23,-,0,-959300,-11.66
17985071,20976500,23748350,26/12/25 at 07:25,-,0,-2771850,-11.67
18396694,7315800,8286950,28/12/25 at 07:35,-,0,-971150,-11.72
18127808,6229000,7056200,27/12/25 at 07:09,-,0,-827200,-11.72
18053094,18449500,20947150,27/12/25 at 06:59,-,0,-2497650,-11.92
18181858,24958900,28353500,27/12/25 at 06:50,-,0,-3394600,-11.97
18554334,37246000,42337500,28/12/25 at 07:09,-,0,-5091500,-12.03
18076518,11383800,12942500,28/12/25 at 07:35,-,0,-1558700,-12.04
18088443,28456700,32365100,26/12/25 at 07:26,-,0,-3908400,-12.08
18437873,11625700,13229250,26/12/25 at 06:34,-,0,-1603550,-12.12
18367847,10661850,12131800,26/12/25 at 06:29,-,0,-1469950,-12.12
18584157,27052300,30844350,27/12/25 at 07:19,-,0,-3792050,-12.29
18406089,5344650,6105850,28/12/25 at 07:02,-,0,-761200,-12.47
18584771,15001900,17140500,26/12/25 at 06:37,-,0,-2138600,-12.48
18596159,120319600,137500000,28/12/25 at 02:04,-,0,-17180400,-12.49
18390778,20247550,23272900,27/12/25 at 07:20,-,0,-3025350,-13.0
18265680,44090600,50756100,28/12/25 at 06:43,-,0,-6665500,-13.13
18122276,8309550,9593550,26/12/25 at 06:41,-,0,-1284000,-13.38
18201260,11450950,13226550,28/12/25 at 06:58,-,0,-1775600,-13.42
18404724,30066100,34734150,27/12/25 at 06:31,-,0,-4668050,-13.44
18282783,11430800,13207600,28/12/25 at 06:50,-,0,-1776800,-13.45
18472559,6452800,7461300,27/12/25 at 06:34,-,0,-1008500,-13.52
18377181,37171600,42989100,26/12/25 at 07:36,-,0,-5817500,-13.53
18085380,18951850,21923500,28/12/25 at 07:14,-,0,-2971650,-13.55
18052103,28456700,32944400,27/12/25 at 07:11,-,0,-4487700,-13.62
18219455,18093200,20954500,27/12/25 at 06:56,-,0,-2861300,-13.65
18610684,172582750,200000000,26/12/25 at 06:11,-,0,-27417250,-13.71
18329848,9520300,11037100,27/12/25 at 06:33,-,0,-1516800,-13.74
18248504,4301500,4988250,26/12/25 at 06:31,-,0,-686750,-13.77
18181553,36961850,42969550,26/12/25 at 07:17,-,0,-6007700,-13.98
18305507,14725950,17125800,26/12/25 at 07:30,-,0,-2399850,-14.01
18436860,10507050,12221400,27/12/25 at 06:34,-,0,-1714350,-14.03
18029083,4572050,5318750,26/12/25 at 07:27,-,0,-746700,-14.04
18306904,5008250,5839350,26/12/25 at 06:31,-,0,-831100,-14.23
18211771,6704050,7816200,28/12/25 at 07:09,-,0,-1112150,-14.23
18508125,8377500,9769100,26/12/25 at 06:45,-,0,-1391600,-14.24
18423518,5103700,5954350,26/12/25 at 06:57,-,0,-850650,-14.29
18374597,3244100,3802250,26/12/25 at 07:06,-,0,-558150,-14.68
18095325,213241700,250000000,26/12/25 at 10:14,-,0,-36758300,-14.7
18133143,8787300,10303650,26/12/25 at 06:38,-,0,-1516350,-14.72
18380306,5072750,5951900,27/12/25 at 06:34,-,0,-879150,-14.77
18318998,13307950,15645000,26/12/25 at 06:40,-,0,-2337050,-14.94
18504696,6286600,7391000,28/12/25 at 07:23,-,0,-1104400,-14.94
18441079,76781750,90450800,27/12/25 at 07:01,-,0,-13669050,-15.11
18417657,4381000,5164600,28/12/25 at 07:19,-,0,-783600,-15.17
18012928,4157450,4906150,26/12/25 at 07:11,-,0,-748700,-15.26
18332698,10167000,11998700,26/12/25 at 06:35,-,0,-1831700,-15.27
18309933,4862150,5744850,26/12/25 at 06:34,-,0,-882700,-15.37
18479190,8335250,9859950,26/12/25 at 07:10,-,0,-1524700,-15.46
18585870,27411850,32465450,27/12/25 at 06:57,-,0,-5053600,-15.57
18316675,4339350,5141750,27/12/25 at 06:56,-,0,-802400,-15.61
18545372,9422000,11174500,27/12/25 at 07:14,-,0,-1752500,-15.68
18382414,21863150,25944150,26/12/25 at 07:01,-,0,-4081000,-15.73
18249608,4641450,5516250,26/12/25 at 07:04,-,0,-874800,-15.86
18189528,2870300,3412500,27/12/25 at 07:01,-,0,-542200,-15.89
18120347,6002400,7136950,27/12/25 at 06:28,-,0,-1134550,-15.9
18216016,22295650,26528300,27/12/25 at 07:12,-,0,-4232650,-15.96
18396810,31528450,37531950,27/12/25 at 06:47,-,0,-6003500,-16.0
18433902,55591200,66250000,27/12/25 at 13:55,-,0,-10658800,-16.09
18170442,3549800,4230750,26/12/25 at 07:39,-,0,-680950,-16.1
18317262,25065900,29881800,27/12/25 at 06:52,-,0,-4815900,-16.12
18073464,4575250,5462600,26/12/25 at 07:26,-,0,-887350,-16.24
18384234,4550500,5437900,26/12/25 at 07:32,-,0,-887400,-16.32
18422152,104464550,125000000,27/12/25 at 16:45,-,0,-20535450,-16.43
18392367,46889850,56120350,27/12/25 at 06:42,-,0,-9230500,-16.45
18538033,17506250,20965800,27/12/25 at 06:40,-,0,-3459550,-16.5
18383567,37487700,44934900,27/12/25 at 06:50,-,0,-7447200,-16.57
18118347,11450950,13734350,26/12/25 at 07:11,-,0,-2283400,-16.63
18308142,4879650,5877900,27/12/25 at 06:28,-,0,-998250,-16.98
18321296,28652900,34602200,26/12/25 at 06:57,-,0,-5949300,-17.19
18496788,6387750,7714750,28/12/25 at 06:59,-,0,-1327000,-17.2
18462803,20603500,24902050,26/12/25 at 06:49,-,0,-4298550,-17.26
18157452,41361800,50000000,26/12/25 at 20:06,-,0,-8638200,-17.28
18249490,4930100,5968150,26/12/25 at 07:16,-,0,-1038050,-17.39
18539450,96891900,117500000,26/12/25 at 15:06,-,0,-20608100,-17.54
18165996,11450950,13894100,27/12/25 at 07:14,-,0,-2443150,-17.58
18397279,21241350,25782550,26/12/25 at 06:30,-,0,-4541200,-17.61
18512569,7291000,8852100,26/12/25 at 07:15,-,0,-1561100,-17.64
18414681,8105200,9840750,26/12/25 at 06:34,-,0,-1735550,-17.64
18523633,21073500,25596000,27/12/25 at 07:06,-,0,-4522500,-17.67
18480323,43861200,53407450,27/12/25 at 06:30,-,0,-9546250,-17.87
18346986,13800900,16810000,27/12/25 at 07:18,-,0,-3009100,-17.9
18326462,26917550,32787950,27/12/25 at 06:42,-,0,-5870400,-17.9
18451668,8079850,9847800,27/12/25 at 07:09,-,0,-1767950,-17.95
18520885,5693050,6940700,26/12/25 at 06:43,-,0,-1247650,-17.98
18160191,22492450,27500000,26/12/25 at 17:12,-,0,-5007550,-18.21
18360520,5156250,6305000,27/12/25 at 06:51,-,0,-1148750,-18.22
18273273,3840650,4698300,26/12/25 at 07:04,-,0,-857650,-18.25
18063494,61288200,75000000,27/12/25 at 05:34,-,0,-13711800,-18.28
18056096,28456700,34835900,27/12/25 at 06:40,-,0,-6379200,-18.31
18123043,14541650,17801150,26/12/25 at 07:07,-,0,-3259500,-18.31
18342155,26078200,31932450,28/12/25 at 07:25,-,0,-5854250,-18.33
18388177,6806200,8346650,27/12/25 at 06:46,-,0,-1540450,-18.46
18114458,8349400,10249600,26/12/25 at 06:32,-,0,-1900200,-18.54
18413192,54824500,67380750,26/12/25 at 06:33,-,0,-12556250,-18.63
18290137,43213650,53158100,27/12/25 at 06:42,-,0,-9944450,-18.71
18386339,22107200,27196900,27/12/25 at 06:34,-,0,-5089700,-18.71
18411067,4247750,5235250,27/12/25 at 06:30,-,0,-987500,-18.86
18038987,1828100,2253400,26/12/25 at 07:05,-,0,-425300,-18.87
18257453,14080350,17437900,26/12/25 at 06:33,-,0,-3357550,-19.25
18246134,108898550,135000000,27/12/25 at 16:47,-,0,-26101450,-19.33
18421340,5093900,6319000,27/12/25 at 07:04,-,0,-1225100,-19.39
18439958,6061850,7531500,28/12/25 at 06:50,-,0,-1469650,-19.51
18434399,104582050,130000000,26/12/25 at 06:10,-,0,-25417950,-19.55
18322905,14981750,18633750,26/12/25 at 07:03,-,0,-3652000,-19.6
18119281,2651350,3299800,26/12/25 at 07:36,-,0,-648450,-19.65
18417962,4862150,6055400,27/12/25 at 06:29,-,0,-1193250,-19.71
18540739,13066450,16322950,28/12/25 at 06:31,-,0,-3256500,-19.95
18118437,6905100,8639850,26/12/25 at 06:37,-,0,-1734750,-20.08
18332103,3488650,4376900,26/12/25 at 06:39,-,0,-888250,-20.29
18255566,9773650,12281950,28/12/25 at 06:34,-,0,-2508300,-20.42
18270780,3272050,4117050,27/12/25 at 06:30,-,0,-845000,-20.52
18277311,99057950,125000000,28/12/25 at 08:46,-,0,-25942050,-20.75
18568257,47311550,60000000,26/12/25 at 10:14,-,0,-12688450,-21.15
18111876,5599250,7121100,26/12/25 at 06:56,-,0,-1521850,-21.37
18530615,43213900,55000000,Today at 18:59,-,0,-11786100,-21.43
18417766,51049200,65000000,26/12/25 at 22:07,-,0,-13950800,-21.46
18218124,44991800,57500000,29/12/25 at 20:51,-,0,-12508200,-21.75
18441087,86724150,111000000,Today at 18:48,-,0,-24275850,-21.87
18126724,3187300,4105200,27/12/25 at 06:53,4.105.200 baht,0,-917900,-22.36
18379842,56147850,72500000,27/12/25 at 16:49,-,0,-16352150,-22.55
18268683,3752100,4851000,26/12/25 at 06:31,-,0,-1098900,-22.65
18502921,76774850,100000000,26/12/25 at 06:11,-,0,-23225150,-23.23
18328449,8187100,10717850,26/12/25 at 07:08,-,0,-2530750,-23.61
18358717,38195450,50023550,27/12/25 at 07:24,-,0,-11828100,-23.65
17985449,1836800,2420250,26/12/25 at 07:07,-,0,-583450,-24.11
18356157,8350400,11029700,26/12/25 at 07:42,-,0,-2679300,-24.29
18635900,66123950,87500000,Today at 17:45,-,0,-21376050,-24.43
18012223,5424800,7198250,27/12/25 at 07:31,-,0,-1773450,-24.64
18250052,108041050,145000000,27/12/25 at 16:48,-,0,-36958950,-25.49
18115080,52849950,71000000,26/12/25 at 15:26,-,0,-18150050,-25.56
17986958,5571900,7546850,26/12/25 at 06:54,-,0,-1974950,-26.17
18053572,1890800,2567750,26/12/25 at 06:33,-,0,-676950,-26.36
18611065,25690000,35000000,Today at 18:56,-,0,-9310000,-26.6
18592687,58599950,80000000,28/12/25 at 02:03,-,0,-21400050,-26.75
18322606,3772750,5156000,26/12/25 at 07:24,-,0,-1383250,-26.83
18564413,43700250,60000000,31/12/25 at 16:51,-,0,-16299750,-27.17
18431693,92779550,130000000,26/12/25 at 06:10,-,0,-37220450,-28.63
18232031,13982250,19627400,26/12/25 at 06:36,-,0,-5645150,-28.76
18295583,7550100,10643850,26/12/25 at 06:54,-,0,-3093750,-29.07
18183681,6194000,8794100,26/12/25 at 07:27,-,0,-2600100,-29.57
18543360,131203850,187500000,27/12/25 at 10:22,-,0,-56296150,-30.02
18162828,4531100,6565750,28/12/25 at 07:12,-,0,-2034650,-30.99
18433195,25843850,37500000,26/12/25 at 18:24,-,0,-11656150,-31.08
18275973,10331800,15000000,27/12/25 at 21:03,-,0,-4668200,-31.12
18528461,78334700,115000000,27/12/25 at 13:56,-,0,-36665300,-31.88
18531872,23767450,35000000,26/12/25 at 15:06,-,0,-11232550,-32.09
18290467,131689750,195000000,27/12/25 at 16:48,-,0,-63310250,-32.47
18603150,60195050,90000000,26/12/25 at 08:23,-,0,-29804950,-33.12
18561089,66417850,100000000,26/12/25 at 06:12,-,0,-33582150,-33.58
18539615,78005700,117500000,28/12/25 at 02:04,-,0,-39494300,-33.61
18550797,66321100,100000000,28/12/25 at 13:22,-,0,-33678900,-33.68
18163329,1912700,2885400,26/12/25 at 06:39,-,0,-972700,-33.71
18335192,3292250,4967500,26/12/25 at 06:41,-,0,-1675250,-33.72
18455584,10441850,15845000,26/12/25 at 07:18,-,0,-5403150,-34.1
18498794,65876750,100000000,26/12/25 at 06:11,-,0,-34123250,-34.12
18099469,8009400,12195750,26/12/25 at 07:16,-,0,-4186350,-34.33
18055331,251852250,390000000,Today at 23:39,-,0,-138147750,-35.42
18056287,2337250,3626050,26/12/25 at 06:47,-,0,-1288800,-35.54
18213117,93409850,145000000,31/12/25 at 06:50,-,0,-51590150,-35.58
18130015,8745050,13700200,27/12/25 at 06:32,-,0,-4955150,-36.17
18435522,84945750,133333350,26/12/25 at 14:10,133.333.350 baht,0,-48387600,-36.29
18262396,56990350,90000000,27/12/25 at 13:55,-,0,-33009650,-36.68
18573260,15814600,25000000,27/12/25 at 19:33,-,0,-9185400,-36.74
18447761,94752850,150000000,26/12/25 at 06:11,-,0,-55247150,-36.83
18119030,86810350,140000000,28/12/25 at 22:17,-,0,-53189650,-37.99
18520319,60672150,98750000,27/12/25 at 13:55,-,0,-38077850,-38.56
18000757,2707850,4473200,27/12/25 at 06:52,-,0,-1765350,-39.47
18024499,120741450,199999950,26/12/25 at 22:21,-,0,-79258500,-39.63
18180510,44991800,75000000,27/12/25 at 22:14,-,0,-30008200,-40.01
18153158,74739550,125000000,31/12/25 at 19:40,-,0,-50260450,-40.21
18599446,35489850,60000000,26/12/25 at 06:09,-,0,-24510150,-40.85
18178169,2441500,4193950,26/12/25 at 07:16,-,0,-1752450,-41.79
18478455,109033000,187500000,27/12/25 at 19:32,-,0,-78467000,-41.85
18291062,496180350,875000000,27/12/25 at 05:34,-,0,-378819650,-43.29
18318888,103380200,185000000,27/12/25 at 12:52,-,0,-81619800,-44.12
18328811,137987550,247500000,26/12/25 at 21:31,-,0,-109512450,-44.25
18508558,38003650,68663000,29/12/25 at 23:22,-,0,-30659350,-44.65
18527233,47084000,87500000,27/12/25 at 22:16,-,0,-40416000,-46.19
18696883,36951500,68750000,26/12/25 at 18:51,-,0,-31798500,-46.25
18592625,116136300,220000000,Today at 20:33,-,0,-103863700,-47.21
18012343,1749150,3318000,26/12/25 at 06:33,-,0,-1568850,-47.28
18128439,7746200,14724100,28/12/25 at 06:32,-,0,-6977900,-47.39
18571850,30997950,60000000,26/12/25 at 06:10,-,0,-29002050,-48.34
18579184,25295700,50000000,27/12/25 at 19:32,-,0,-24704300,-49.41
18672270,18962500,37500000,26/12/25 at 18:23,-,0,-18537500,-49.43
18518461,15078850,30000000,26/12/25 at 15:06,-,0,-14921150,-49.74
18355244,68754500,137500000,29/12/25 at 08:39,-,0,-68745500,-50.0
18605897,56373950,117500000,28/12/25 at 02:05,-,0,-61126050,-52.02
18560459,47643400,100000000,26/12/25 at 07:23,-,0,-52356600,-52.36
18564806,46165900,100000000,26/12/25 at 06:12,-,0,-53834100,-53.83
18393474,50933900,117500000,28/12/25 at 02:03,-,0,-66566100,-56.65
18580388,66399000,156250000,Today at 18:45,-,0,-89851000,-57.5
18564499,41300150,98750000,27/12/25 at 13:56,-,0,-57449850,-58.18
18055826,4100250,10188100,26/12/25 at 06:47,10.188.100 baht,0,-6087850,-59.75
18593012,50190250,125000000,28/12/25 at 07:24,-,0,-74809750,-59.85
18135447,4530050,11535300,26/12/25 at 06:55,-,0,-7005250,-60.73
18151971,4146650,11074250,26/12/25 at 07:40,-,0,-6927600,-62.56
18065088,1961050,5602150,26/12/25 at 06:36,-,0,-3641100,-64.99
18571132,33844100,100000000,26/12/25 at 06:12,-,0,-66155900,-66.16
18538881,31663700,110000000,26/12/25 at 22:01,-,0,-78336300,-71.21
18700300,35461250,124750000,26/12/25 at 18:50,-,0,-89288750,-71.57
18177670,3531500,12500000,Today at 18:23,-,0,-8968500,-71.75
18384709,6072700,24196600,27/12/25 at 06:32,-,0,-18123900,-74.9
18527555,17015200,75000000,26/12/25 at 13:57,-,0,-57984800,-77.31
18393647,5470550,25977500,26/12/25 at 06:41,-,0,-20506950,-78.94
18578988,20073100,100000000,27/12/25 at 13:56,-,0,-79926900,-79.93
18253819,4661800,37500000,27/12/25 at 19:34,-,0,-32838200,-87.57
18462954,4234750,50000000,26/12/25 at 21:03,-,0,-45765250,-91.53
18098927,1834400,22577100,28/12/25 at 07:17,-,0,-20742700,-91.87
18241761,0,3500000,25/12/25 at 19:48,3.500.000 baht,0,-3500000,-100.0
18632721,0,400000000,27/12/25 at 19:21,-,0,-400000000,-100.0
